{
 	 "Events": [
		 {
 			 "ID": 4,
 			"Trajectories": [
				 {
 					 "ID": 0,
 					 "Hits": 
 						[
						813,
 						814,
 						957,
 						958,
 						959,
 						1136,
 						1137
 						] 
 				},
				 {
 					 "ID": 1,
 					 "Hits": 
 						[
						28,
 						134,
 						245,
 						363,
 						487,
 						616,
 						617,
 						752,
 						894,
 						1045,
 						1241,
 						1443,
 						1650,
 						1651,
 						1866,
 						2091,
 						2092,
 						2324,
 						2562,
 						2804,
 						3018,
 						3238,
 						3464,
 						3693,
 						3911,
 						4105,
 						4278
 						] 
 				},
				 {
 					 "ID": 2,
 					 "Hits": 
 						[
						82,
 						191,
 						305,
 						426,
 						553,
 						685,
 						824,
 						968,
 						1340,
 						1547,
 						1758
 						] 
 				},
				 {
 					 "ID": 3,
 					 "Hits": 
 						[
						2204,
 						2442,
 						2682,
 						3124,
 						3346,
 						3575,
 						3800,
 						4005,
 						4189,
 						4346,
 						4465,
 						4532
 						] 
 				},

 			]
 		}
 	]
 }