{
 	 "Events": [
		 {
 			 "ID": 7,
 			"Trajectories": [
				 {
 					 "ID": 0,
 					 "Hits": 
 						[
						8,
 						113,
 						223,
 						340,
 						462,
 						591,
 						726,
 						866,
 						1008,
 						1202,
 						1405,
 						1612,
 						1823,
 						2047,
 						2280,
 						2517,
 						2763,
 						2976,
 						3194,
 						3419,
 						3650,
 						3872,
 						4069,
 						4247,
 						4394,
 						4497
 						] 
 				},
				 {
 					 "ID": 1,
 					 "Hits": 
 						[
						30,
 						136,
 						247,
 						365,
 						488,
 						618,
 						753,
 						894,
 						1044,
 						1239,
 						1442,
 						1649,
 						1861,
 						1862,
 						2087,
 						2319,
 						2556,
 						2797,
 						3010,
 						3229,
 						3453,
 						3454,
 						3681,
 						3898,
 						4091,
 						4262,
 						4263,
 						4401
 						] 
 				},
				 {
 					 "ID": 2,
 					 "Hits": 
 						[
						1110,
 						1308,
 						1941,
 						2168,
 						2875,
 						3091,
 						3313,
 						3540,
 						3768,
 						3977,
 						4165,
 						4327
 						] 
 				},
				 {
 					 "ID": 3,
 					 "Hits": 
 						[
						66,
 						67,
 						173,
 						175,
 						287,
 						288,
 						289,
 						407,
 						408,
 						409,
 						532,
 						534,
 						535,
 						664,
 						666,
 						667,
 						802,
 						804,
 						805,
 						945,
 						948,
 						949,
 						1120,
 						1318,
 						1516,
 						1725,
 						1726,
 						1954,
 						2182,
 						2406,
 						2408,
 						2645,
 						2648,
 						2883,
 						3099,
 						3321,
 						3322,
 						3550
 						] 
 				},
				 {
 					 "ID": 4,
 					 "Hits": 
 						[
						35,
 						141,
 						252,
 						370,
 						494,
 						624,
 						760,
 						901,
 						902,
 						1052,
 						1248,
 						1451,
 						2098,
 						2331,
 						2569,
 						2811,
 						3024,
 						3244,
 						3470,
 						3698,
 						3916,
 						4110
 						] 
 				},

 			]
 		}
 	]
 }