{
 	 "Events": [
		 {
 			 "ID": 9,
 			"Trajectories": [
				 {
 					 "ID": 0,
 					 "Hits": 
 						[
						11,
 						116,
 						227,
 						228,
 						345,
 						468,
 						597,
 						732,
 						733,
 						874,
 						875,
 						1021,
 						1023,
 						1218,
 						1220
 						] 
 				},
				 {
 					 "ID": 1,
 					 "Hits": 
 						[
						3,
 						107,
 						217,
 						333,
 						455,
 						584,
 						718,
 						858,
 						1024,
 						1219,
 						1397,
 						1603,
 						1839,
 						2064,
 						2269,
 						2505,
 						2748,
 						2960,
 						3178,
 						3402,
 						3632,
 						3854
 						] 
 				},
				 {
 					 "ID": 2,
 					 "Hits": 
 						[
						1668,
 						1875,
 						2075,
 						2572,
 						2786,
 						2787,
 						3001,
 						3221,
 						3222,
 						3448,
 						3449,
 						3678,
 						3896,
 						3897,
 						4091,
 						4092,
 						4265,
 						4266,
 						4267,
 						4407
 						] 
 				},

 			]
 		}
 	]
 }