{
 	 "Events": [
		 {
 			 "ID": 3,
 			"Trajectories": [
				 {
 					 "ID": 0,
 					 "Hits": 
 						[
						3740
 						] 
 				},
				 {
 					 "ID": 1,
 					 "Hits": 
 						[
						57,
 						164,
 						277,
 						396,
 						521,
 						652,
 						789,
 						932,
 						1099,
 						1296,
 						1520,
 						1522,
 						1732,
 						1925,
 						2152,
 						2175,
 						2420
 						] 
 				},
				 {
 					 "ID": 2,
 					 "Hits": 
 						[
						90,
 						199,
 						314,
 						435,
 						562,
 						696,
 						835,
 						980,
 						1163,
 						1363,
 						1590,
 						1592,
 						1802,
 						2002,
 						2231,
 						2492,
 						2732,
 						2734,
 						2928,
 						3145,
 						3369,
 						3598,
 						3821,
 						4021,
 						4202
 						] 
 				},

 			]
 		}
 	]
 }