{
 	 "Events": [
		 {
 			 "ID": 2,
 			"Trajectories": [
				 {
 					 "ID": 0,
 					 "Hits": 
 						[
						37,
 						143,
 						255,
 						373,
 						497,
 						627,
 						764,
 						906,
 						1087,
 						1284,
 						1487,
 						1694,
 						1912,
 						2137,
 						2347,
 						2585,
 						2821,
 						3035,
 						3255,
 						3482,
 						3708,
 						3921,
 						4111
 						] 
 				},
				 {
 					 "ID": 1,
 					 "Hits": 
 						[
						3,
 						107,
 						217,
 						334,
 						456,
 						584,
 						719,
 						859,
 						1197,
 						1397,
 						1603,
 						1817,
 						2041,
 						2271,
 						2507,
 						2755,
 						2967,
 						3186,
 						3410,
 						3641,
 						3864,
 						4060,
 						4238,
 						4384
 						] 
 				},
				 {
 					 "ID": 2,
 					 "Hits": 
 						[
						23,
 						128,
 						239,
 						356,
 						479,
 						608,
 						744,
 						885,
 						1034,
 						1229,
 						1431,
 						1432,
 						1638,
 						1851,
 						2076,
 						2309,
 						2546,
 						2786,
 						2999,
 						3218,
 						3443,
 						3671,
 						3888,
 						4081,
 						4082
 						] 
 				},
				 {
 					 "ID": 3,
 					 "Hits": 
 						[
						159,
 						272,
 						391,
 						516,
 						646,
 						783,
 						926,
 						1081,
 						1278,
 						1490,
 						1697,
 						1906,
 						2133,
 						2373,
 						2610,
 						2844,
 						3059,
 						3279,
 						3506,
 						3732,
 						3945,
 						4135,
 						4303
 						] 
 				},

 			]
 		}
 	]
 }