{
 	 "Events": [
		 {
 			 "ID": 0,
 			"Trajectories": [
				 {
 					 "ID": 0,
 					 "Hits": 
 						[
						2932,
 						3149,
 						3372,
 						3601,
 						3824,
 						4024,
 						4205,
 						4357
 						] 
 				},
				 {
 					 "ID": 1,
 					 "Hits": 
 						[
						50,
 						156,
 						157,
 						269,
 						388,
 						513,
 						644,
 						781,
 						924,
 						925,
 						1084,
 						1283,
 						1484,
 						1693,
 						1695,
 						2142,
 						2144,
 						2373
 						] 
 				},
				 {
 					 "ID": 2,
 					 "Hits": 
 						[
						93,
 						203,
 						318,
 						439,
 						566,
 						567,
 						700,
 						839,
 						840,
 						984,
 						985,
 						1164,
 						1165,
 						1363,
 						1364,
 						1573,
 						1575,
 						2002,
 						2005,
 						2231,
 						2234,
 						2472,
 						2475,
 						2713,
 						2717,
 						2936,
 						3154,
 						3377,
 						3607,
 						3831,
 						4031,
 						4212,
 						4365,
 						4477,
 						4536
 						] 
 				},
				 {
 					 "ID": 3,
 					 "Hits": 
 						[
						24,
 						25,
 						26,
 						128,
 						129,
 						237,
 						238,
 						239,
 						352,
 						353,
 						354,
 						473,
 						474,
 						475,
 						602,
 						736,
 						876,
 						1019,
 						1214,
 						1413,
 						1619,
 						1831,
 						1832,
 						2056,
 						2286,
 						2522,
 						2768,
 						2980,
 						3198,
 						3422,
 						3652,
 						3874,
 						4070,
 						4247,
 						4393,
 						4496
 						] 
 				},
				 {
 					 "ID": 4,
 					 "Hits": 
 						[
						46,
 						153,
 						266,
 						385,
 						510,
 						641,
 						778,
 						921,
 						1079,
 						1276,
 						1481,
 						1690,
 						1905,
 						2132,
 						2368,
 						2606,
 						2843,
 						3057,
 						3278,
 						3505,
 						3732,
 						3944,
 						4135,
 						4303
 						] 
 				},

 			]
 		}
 	]
 }