{
 	 "Events": [
		 {
 			 "ID": 1,
 			"Trajectories": [
				 {
 					 "ID": 0,
 					 "Hits": 
 						[
						6,
 						111,
 						221,
 						337,
 						459,
 						588,
 						722,
 						862
 						] 
 				},
				 {
 					 "ID": 1,
 					 "Hits": 
 						[
						869,
 						1008,
 						1009,
 						1011,
 						1204,
 						1205,
 						1206,
 						1409,
 						1616,
 						1825,
 						1827,
 						2050
 						] 
 				},
				 {
 					 "ID": 2,
 					 "Hits": 
 						[
						1477,
 						1686,
 						2363,
 						2601
 						] 
 				},
				 {
 					 "ID": 3,
 					 "Hits": 
 						[
						22,
 						23,
 						24,
 						129,
 						130,
 						241,
 						242,
 						360,
 						484,
 						613,
 						614,
 						749,
 						891,
 						1039,
 						1040,
 						1234,
 						1235,
 						1857,
 						1858,
 						2082
 						] 
 				},
				 {
 					 "ID": 4,
 					 "Hits": 
 						[
						48,
 						155,
 						267,
 						386,
 						511,
 						642,
 						778,
 						921,
 						1082,
 						1279,
 						1909,
 						2135,
 						2136
 						] 
 				},
				 {
 					 "ID": 5,
 					 "Hits": 
 						[
						2291,
 						2293,
 						2295,
 						2530,
 						2770,
 						2771,
 						2984,
 						2985,
 						2986,
 						2990,
 						2991,
 						2992,
 						2993,
 						3205,
 						3206,
 						3207,
 						3208,
 						3212,
 						3438,
 						3666
 						] 
 				},
				 {
 					 "ID": 6,
 					 "Hits": 
 						[
						38,
 						144,
 						255,
 						256,
 						372,
 						373,
 						496,
 						625,
 						761,
 						902,
 						1052,
 						1247,
 						1453,
 						1659,
 						1870,
 						2095,
 						2329,
 						2566,
 						2806,
 						3019,
 						3238,
 						3463,
 						3690,
 						3691,
 						3907,
 						4100,
 						4271,
 						4272,
 						4409,
 						4410,
 						4502,
 						4503
 						] 
 				},
				 {
 					 "ID": 7,
 					 "Hits": 
 						[
						1440,
 						1441,
 						1442,
 						1648,
 						1649,
 						2318,
 						2320,
 						2556,
 						2557
 						] 
 				},
				 {
 					 "ID": 8,
 					 "Hits": 
 						[
						79,
 						188,
 						302,
 						423,
 						550,
 						682,
 						821,
 						966,
 						1138,
 						1337,
 						1546,
 						1756,
 						1973,
 						2202,
 						2441,
 						2682,
 						2907,
 						3124,
 						3347,
 						3576,
 						3801,
 						4006,
 						4191,
 						4349,
 						4468
 						] 
 				},
				 {
 					 "ID": 9,
 					 "Hits": 
 						[
						2301,
 						2303,
 						2538,
 						2540,
 						2781,
 						2782,
 						2793,
 						2794,
 						2995,
 						2996,
 						2997,
 						3005,
 						3006,
 						3007,
 						3216,
 						3217,
 						3218,
 						3219,
 						3220,
 						3221,
 						3222,
 						3223,
 						3224,
 						3225,
 						3444,
 						3445,
 						3446,
 						3447,
 						3448,
 						3449
 						] 
 				},
				 {
 					 "ID": 10,
 					 "Hits": 
 						[
						13,
 						14,
 						15,
 						117,
 						118,
 						119,
 						227,
 						229,
 						343,
 						345,
 						465,
 						467,
 						468,
 						594,
 						596,
 						728,
 						730,
 						731,
 						869,
 						871,
 						1412,
 						1413,
 						1619,
 						1620,
 						1621,
 						1828,
 						2053,
 						2054,
 						2286,
 						2297,
 						2299,
 						2523,
 						2524,
 						2534,
 						2536,
 						2770
 						] 
 				},

 			]
 		}
 	]
 }