{
 	 "Events": [
		 {
 			 "ID": 5,
 			"Trajectories": [
				 {
 					 "ID": 0,
 					 "Hits": 
 						[
						93,
 						94,
 						202,
 						317,
 						437,
 						438,
 						564,
 						565,
 						696,
 						697,
 						835,
 						979,
 						980,
 						1186,
 						1188,
 						1388
 						] 
 				},
				 {
 					 "ID": 1,
 					 "Hits": 
 						[
						72,
 						83,
 						85,
 						181,
 						192,
 						193,
 						296,
 						306,
 						307,
 						308,
 						417,
 						426,
 						427,
 						428,
 						544,
 						551,
 						552,
 						553,
 						554,
 						677,
 						678,
 						679,
 						682,
 						683,
 						685,
 						818,
 						819,
 						820,
 						823,
 						966,
 						967,
 						1137,
 						1138,
 						1139
 						] 
 				},
				 {
 					 "ID": 2,
 					 "Hits": 
 						[
						59,
 						167,
 						168,
 						281,
 						282,
 						402,
 						528,
 						529,
 						661,
 						662,
 						663,
 						664,
 						668,
 						669,
 						801,
 						802,
 						803,
 						804,
 						805,
 						808,
 						809,
 						954,
 						955,
 						1130,
 						1131,
 						1150,
 						1330,
 						1332,
 						1333,
 						1351,
 						1353,
 						1555,
 						1559,
 						1764,
 						1766,
 						1768,
 						1962,
 						1963
 						] 
 				},
				 {
 					 "ID": 3,
 					 "Hits": 
 						[
						52,
 						158,
 						271,
 						390,
 						514,
 						645,
 						782,
 						925,
 						1082,
 						1279,
 						1484,
 						1693,
 						1907,
 						2134,
 						2369,
 						2607,
 						2844,
 						3058,
 						3279,
 						3505,
 						3732,
 						3944,
 						4135,
 						4302
 						] 
 				},
				 {
 					 "ID": 4,
 					 "Hits": 
 						[
						37,
 						143,
 						256,
 						374,
 						499,
 						629,
 						766,
 						909,
 						1066,
 						1263,
 						1468,
 						1676,
 						1892,
 						2119,
 						2353,
 						2592,
 						2829,
 						2830,
 						3044,
 						3045,
 						3265,
 						3266,
 						3493,
 						3720,
 						3933,
 						4124,
 						4125,
 						4293,
 						4426,
 						4427,
 						4513,
 						4514
 						] 
 				},
				 {
 					 "ID": 5,
 					 "Hits": 
 						[
						56,
 						57,
 						164,
 						278,
 						398,
 						524,
 						656,
 						657,
 						795,
 						939,
 						940,
 						1107,
 						1307,
 						1318,
 						1513,
 						1514,
 						1515,
 						1516,
 						1517,
 						1519,
 						1521,
 						1726,
 						1945,
 						2173,
 						2406,
 						2407,
 						2646,
 						2647,
 						2880,
 						3096,
 						3097,
 						3098,
 						3320,
 						3321,
 						3322,
 						3323,
 						3552,
 						3778
 						] 
 				},
				 {
 					 "ID": 6,
 					 "Hits": 
 						[
						1560,
 						1986,
 						2214,
 						2449,
 						2690,
 						2915,
 						3131,
 						3132,
 						3353,
 						3354,
 						3581,
 						3582,
 						3806,
 						3807,
 						4010,
 						4194,
 						4351,
 						4468,
 						4469
 						] 
 				},

 			]
 		}
 	]
 }