{
 	 "Events": [
		 {
 			 "ID": 0,
 			"Trajectories": [
				 {
 					 "ID": 7,
 					 "Hits": 
 						[
						93,
 						203,
 						318,
 						439,
 						566,
 						700,
 						839,
 						984,
 						1164,
 						1363,
 						1573,
 						1785,
 						2002,
 						2231,
 						2472,
 						2713,
 						2932,
 						3149,
 						3372,
 						3601,
 						3824,
 						4024,
 						4205,
 						4357
 						] 
 				},
				 {
 					 "ID": 6,
 					 "Hits": 
 						[
						93,
 						203,
 						318,
 						439,
 						567,
 						700,
 						840,
 						985,
 						1165,
 						1364,
 						1575,
 						1787,
 						2005,
 						2234,
 						2475,
 						2717,
 						2936,
 						3154,
 						3377,
 						3607,
 						3831,
 						4031,
 						4212,
 						4365,
 						4477,
 						4536
 						] 
 				},
				 {
 					 "ID": 342,
 					 "Hits": 
 						[
						26,
 						25,
 						24,
 						129,
 						128,
 						239,
 						238,
 						237,
 						354,
 						353,
 						352,
 						475,
 						474,
 						473,
 						602,
 						736,
 						876,
 						1019,
 						1214,
 						1413,
 						1619,
 						1832,
 						1831,
 						2056,
 						2286,
 						2522,
 						2768,
 						2980,
 						3198,
 						3422,
 						3652,
 						3874,
 						4070,
 						4247,
 						4393,
 						4496
 						] 
 				},
				 {
 					 "ID": 341,
 					 "Hits": 
 						[
						46,
 						153,
 						266,
 						385,
 						510,
 						641,
 						778,
 						921,
 						1079,
 						1276,
 						1481,
 						1690,
 						1905,
 						2132,
 						2368,
 						2606,
 						2843,
 						3057,
 						3278,
 						3505,
 						3732,
 						3944,
 						4135,
 						4303
 						] 
 				},
				 {
 					 "ID": 1,
 					 "Hits": 
 						[
						50,
 						156,
 						157,
 						269,
 						388,
 						513,
 						644,
 						781,
 						924,
 						925,
 						1084,
 						1086,
 						1283,
 						1484,
 						1693,
 						1695,
 						1915,
 						2142,
 						2144,
 						2373
						] 
 				 } 
 			 ]
 		 },
		 {
 			 "ID": 1,
 			"Trajectories": [
				 {
 					 "ID": 4,
 					 "Hits": 
 						[
						79,
 						188,
 						302,
 						423,
 						550,
 						682,
 						821,
 						966,
 						1138,
 						1337,
 						1546,
 						1756,
 						1973,
 						2202,
 						2441,
 						2682,
 						2907,
 						3124,
 						3347,
 						3576,
 						3801,
 						4006,
 						4191,
 						4349,
 						4468
 						] 
 				},
				 {
 					 "ID": 2,
 					 "Hits": 
 						[
						38,
 						144,
 						256,
 						255,
 						373,
 						372,
 						496,
 						625,
 						761,
 						902,
 						1052,
 						1247,
 						1453,
 						1659,
 						1870,
 						2095,
 						2329,
 						2566,
 						2806,
 						3019,
 						3238,
 						3463,
 						3691,
 						3690,
 						3907,
 						4100,
 						4272,
 						4271,
 						4410,
 						4409,
 						4503,
 						4502,
 						3666,
 						3438
 						] 
 				},
				 {
 					 "ID": 150,
 					 "Hits": 
 						[
						3212
 						] 
 				},
				 {
 					 "ID": 151,
 					 "Hits": 
 						[
						2993,
 						2992,
 						2991,
 						2990,
 						3208,
 						3207,
 						3206,
 						3205,
 						2986,
 						2985,
 						2984,
 						2771,
 						2770,
 						2524,
 						2523,
 						2286,
 						2050,
 						1825,
 						1616,
 						1409,
 						1204,
 						1009,
 						869,
 						728,
 						594,
 						465,
 						343,
 						227,
 						117,
 						13,
 						23,
 						24,
 						130,
 						242,
 						360,
 						484,
 						614,
 						749,
 						891,
 						1040,
 						1235,
 						1440,
 						1648,
 						1858,
 						2083,
 						2318,
 						2555,
 						2794,
 						2793,
 						3006,
 						3005,
 						3224,
 						3223,
 						3222,
 						3221,
 						3446,
 						3220,
 						3219,
 						3218,
 						3217,
 						3216,
 						2996,
 						2995,
 						2781,
 						2538,
 						2536,
 						2534,
 						2532,
 						2530,
 						2293,
 						2291,
 						2053,
 						1828,
 						1827,
 						1620,
 						1619,
 						1413,
 						1412,
 						1205,
 						1011,
 						871,
 						730,
 						596,
 						467,
 						345,
 						229,
 						118,
 						14,
 						23,
 						129,
 						241,
 						242,
 						360,
 						484,
 						613,
 						749,
 						891,
 						1039,
 						1235,
 						1441,
 						1648,
 						1857,
 						2083,
 						2082,
 						2319,
 						2556,
 						2794,
 						2793,
 						3006,
 						3005,
 						3224,
 						3223,
 						3222,
 						3221,
 						3220,
 						3219,
 						3218,
 						3217,
 						2997,
 						2996,
 						2782,
 						2540,
 						2538,
 						2536,
 						2299,
 						2297,
 						2295,
 						2054,
 						2053,
 						1828,
 						1621,
 						1414,
 						1206,
 						1011,
 						871,
 						731,
 						596,
 						468,
 						345,
 						229,
 						119,
 						15,
 						22,
 						23,
 						129,
 						241,
 						242,
 						360,
 						484,
 						613,
 						614,
 						749,
 						891,
 						1039,
 						1234,
 						1442,
 						1649,
 						1857,
 						2082,
 						2320,
 						2557,
 						2794,
 						3007,
 						3006,
 						3225,
 						3224,
 						3449,
 						3223,
 						3448,
 						3447,
 						3446,
 						3445,
 						3444,
 						3218,
 						3217,
 						2997,
 						2996,
 						2782,
 						2781,
 						2542,
 						2540,
 						2303,
 						2301,
 						2299,
 						2297
 						] 
 				},
				 {
 					 "ID": 1,
 					 "Hits": 
 						[
						6,
 						111,
 						221,
 						337,
 						459,
 						588,
 						722,
 						862,
 						1008
 						] 
 				},
				 {
 					 "ID": 0,
 					 "Hits": 
 						[
						48,
 						155,
 						267,
 						386,
 						511,
 						642,
 						778,
 						921,
 						1082,
 						1279,
 						1477,
 						1686,
 						1909,
 						2135,
 						2136,
 						2363,
 						2601
						] 
 				 } 
 			 ]
 		 },
		 {
 			 "ID": 2,
 			"Trajectories": [
				 {
 					 "ID": 5,
 					 "Hits": 
 						[
						23,
 						128,
 						239,
 						356,
 						479,
 						608,
 						744,
 						885,
 						1034,
 						1229,
 						1432,
 						1431,
 						1639,
 						1638,
 						1851,
 						2076,
 						2309,
 						2546,
 						2786,
 						2999,
 						3218,
 						3443,
 						3671,
 						3888,
 						4081,
 						4081
 						] 
 				},
				 {
 					 "ID": 2,
 					 "Hits": 
 						[
						37,
 						143,
 						255,
 						373,
 						497,
 						627,
 						764,
 						906,
 						1087,
 						1284,
 						1487,
 						1694,
 						1912,
 						2137,
 						2347,
 						2585,
 						2821,
 						3035,
 						3255,
 						3482,
 						3708,
 						3921,
 						4111
 						] 
 				},
				 {
 					 "ID": 1,
 					 "Hits": 
 						[
						159,
 						272,
 						391,
 						516,
 						646,
 						783,
 						926,
 						1081,
 						1278,
 						1490,
 						1697,
 						1906,
 						2133,
 						2373,
 						2610,
 						2844,
 						3059,
 						3279,
 						3506,
 						3732,
 						3945,
 						4135,
 						4303
 						] 
 				},
				 {
 					 "ID": 0,
 					 "Hits": 
 						[
						3,
 						107,
 						217,
 						334,
 						456,
 						584,
 						719,
 						859,
 						1002,
 						1197,
 						1397,
 						1603,
 						1817,
 						2041,
 						2271,
 						2507,
 						2755,
 						2967,
 						3186,
 						3410,
 						3641,
 						3864,
 						4060,
 						4238,
 						4384
 						] 
 				},
				 {
 					 "ID": 532,
 					 "Hits": 
 						[
						4082,
 						4082,
 						4082,
 						4082,
 						4082,
 						4082,
 						4082,
 						4082
						] 
 				 } 
 			 ]
 		 },
		 {
 			 "ID": 3,
 			"Trajectories": [
				 {
 					 "ID": 24,
 					 "Hits": 
 						[
						57,
 						164,
 						277,
 						396,
 						521,
 						652,
 						789,
 						932,
 						1099,
 						1296,
 						1520,
 						1522,
 						1732,
 						1925,
 						2152,
 						2175,
 						2420,
 						3740
 						] 
 				},
				 {
 					 "ID": 0,
 					 "Hits": 
 						[
						90,
 						199,
 						314,
 						435,
 						562,
 						696,
 						835,
 						980,
 						1163,
 						1363,
 						1590,
 						1592,
 						1802,
 						2002,
 						2231,
 						2492,
 						2732,
 						2734,
 						2928,
 						3145,
 						3369,
 						3598,
 						3821,
 						4021,
 						4202
						] 
 				 } 
 			 ]
 		 },
		 {
 			 "ID": 4,
 			"Trajectories": [
				 {
 					 "ID": 5,
 					 "Hits": 
 						[
						82,
 						191,
 						305,
 						426,
 						553,
 						685,
 						824,
 						968,
 						1340,
 						1547,
 						1758,
 						2204,
 						2442,
 						2682,
 						3124,
 						3346,
 						3575,
 						3800,
 						4005,
 						4189,
 						4346,
 						4465,
 						4532
 						] 
 				},
				 {
 					 "ID": 519,
 					 "Hits": 
 						[
						959,
 						814,
 						813,
 						957,
 						1136,
 						1137,
 						959,
 						814,
 						813,
 						957,
 						1136,
 						1137,
 						959,
 						814,
 						813,
 						957,
 						1136,
 						1137,
 						958,
 						957,
 						1136,
 						1137,
 						958,
 						957,
 						1136,
 						1137,
 						958,
 						958
 						] 
 				},
				 {
 					 "ID": 0,
 					 "Hits": 
 						[
						28,
 						134,
 						245,
 						363,
 						487,
 						616,
 						617,
 						752,
 						894,
 						1045,
 						1241,
 						1443,
 						1650,
 						1651,
 						1866,
 						2091,
 						2092,
 						2324,
 						2562,
 						2804,
 						3018,
 						3238,
 						3464,
 						3693,
 						3911,
 						4105,
 						4278
						] 
 				 } 
 			 ]
 		 },
		 {
 			 "ID": 5,
 			"Trajectories": [
				 {
 					 "ID": 6,
 					 "Hits": 
 						[
						52,
 						158,
 						271,
 						390,
 						514,
 						645,
 						782,
 						925,
 						1082,
 						1279,
 						1484,
 						1693,
 						1907,
 						2134,
 						2369,
 						2607,
 						2844,
 						3058,
 						3279,
 						3505,
 						3732,
 						3944,
 						4135,
 						4302
 						] 
 				},
				 {
 					 "ID": 4,
 					 "Hits": 
 						[
						94,
 						93,
 						202,
 						317,
 						438,
 						437,
 						565,
 						564,
 						697,
 						696,
 						835,
 						980,
 						979,
 						1186,
 						1188,
 						1388,
 						1560,
 						1769,
 						1986,
 						2214,
 						2449,
 						2690,
 						2915,
 						3132,
 						3131,
 						3354,
 						3353,
 						3582,
 						3581,
 						3807,
 						3806,
 						4010,
 						4194,
 						4351,
 						4469,
 						4468,
 						3778,
 						3552,
 						3323,
 						3322,
 						3321,
 						3320,
 						3098,
 						3097,
 						3096,
 						2880,
 						2647,
 						2646,
 						2407,
 						2406,
 						2173
 						] 
 				},
				 {
 					 "ID": 147,
 					 "Hits": 
 						[
						1945,
 						1726,
 						1517,
 						1519,
 						1318,
 						1353,
 						1351,
 						1555,
 						1764,
 						1963
 						] 
 				},
				 {
 					 "ID": 148,
 					 "Hits": 
 						[
						1963,
 						1962,
 						1766,
 						1768,
 						1559,
 						1521,
 						1519,
 						1517,
 						1516,
 						1515,
 						1514,
 						1513,
 						1307,
 						1306,
 						1108,
 						1107,
 						940,
 						939,
 						795,
 						657,
 						656,
 						524,
 						398,
 						278,
 						164,
 						57,
 						56,
 						85,
 						193,
 						308,
 						307,
 						428,
 						427,
 						554,
 						553,
 						685,
 						823,
 						967,
 						966,
 						1139,
 						1138,
 						1137,
 						1335,
 						1334,
 						1333,
 						1332,
 						1331,
 						1330,
 						1131,
 						1130,
 						1150,
 						955,
 						954,
 						809,
 						808,
 						669,
 						668,
 						805,
 						804,
 						803,
 						802,
 						664,
 						801,
 						663,
 						662,
 						661,
 						529,
 						528,
 						402,
 						282,
 						281,
 						168,
 						167,
 						59,
 						83,
 						192,
 						306,
 						426,
 						552,
 						551,
 						683,
 						682,
 						820,
 						819,
 						818,
 						679,
 						678,
 						677,
 						544,
 						417,
 						296,
 						181,
 						72
 						] 
 				},
				 {
 					 "ID": 1,
 					 "Hits": 
 						[
						37,
 						143,
 						256,
 						374,
 						499,
 						629,
 						766,
 						909,
 						1066,
 						1263,
 						1468,
 						1676,
 						1892,
 						2119,
 						2353,
 						2592,
 						2829,
 						2830,
 						3044,
 						3045,
 						3265,
 						3266,
 						3493,
 						3720,
 						3933,
 						4124,
 						4125,
 						4293,
 						4426,
 						4427,
 						4513,
 						4514
						] 
 				 } 
 			 ]
 		 },
		 {
 			 "ID": 7,
 			"Trajectories": [
				 {
 					 "ID": 5,
 					 "Hits": 
 						[
						66,
 						173,
 						287,
 						407,
 						532,
 						664,
 						802,
 						945,
 						1110,
 						1308,
 						1516,
 						1725,
 						1941,
 						2168,
 						2406,
 						2645,
 						2875,
 						3091,
 						3313,
 						3540,
 						3768,
 						3977,
 						4165,
 						4327
 						] 
 				},
				 {
 					 "ID": 4,
 					 "Hits": 
 						[
						8,
 						113,
 						223,
 						340,
 						462,
 						591,
 						726,
 						866,
 						1008,
 						1202,
 						1405,
 						1612,
 						1823,
 						2047,
 						2280,
 						2517,
 						2763,
 						2976,
 						3194,
 						3419,
 						3650,
 						3872,
 						4069,
 						4247,
 						4394,
 						4497
 						] 
 				},
				 {
 					 "ID": 3,
 					 "Hits": 
 						[
						35,
 						141,
 						252,
 						370,
 						494,
 						624,
 						760,
 						901,
 						902,
 						1052,
 						1248,
 						1451,
 						1659,
 						1872,
 						2098,
 						2331,
 						2569,
 						2811,
 						3024,
 						3244,
 						3470,
 						3698,
 						3916,
 						4110
 						] 
 				},
				 {
 					 "ID": 1,
 					 "Hits": 
 						[
						67,
 						175,
 						288,
 						289,
 						408,
 						409,
 						534,
 						535,
 						666,
 						667,
 						804,
 						805,
 						948,
 						949,
 						1120,
 						1318,
 						1516,
 						1726,
 						1954,
 						2182,
 						2182,
 						2408,
 						2648,
 						2883,
 						3099,
 						3321,
 						3322,
 						3550
 						] 
 				},
				 {
 					 "ID": 0,
 					 "Hits": 
 						[
						30,
 						136,
 						247,
 						365,
 						488,
 						618,
 						753,
 						894,
 						1044,
 						1239,
 						1442,
 						1649,
 						1862,
 						1861,
 						2087,
 						2319,
 						2556,
 						2797,
 						3010,
 						3229,
 						3454,
 						3453,
 						3681,
 						3898,
 						4091,
 						4263,
 						4262,
 						4401
						] 
 				 } 
 			 ]
 		 },
		 {
 			 "ID": 9,
 			"Trajectories": [
				 {
 					 "ID": 4,
 					 "Hits": 
 						[
						11,
 						116,
 						227,
 						228,
 						345,
 						468,
 						597,
 						732,
 						733,
 						874,
 						875,
 						1021,
 						1023,
 						1218,
 						1220,
 						1668,
 						1875,
 						2075,
 						2336,
 						2572,
 						2786,
 						2787,
 						3001,
 						3221,
 						3222,
 						3448,
 						3449,
 						3678,
 						3896,
 						3897,
 						4091,
 						4092,
 						4265,
 						4266,
 						4267,
 						4407
 						] 
 				},
				 {
 					 "ID": 0,
 					 "Hits": 
 						[
						3,
 						107,
 						217,
 						333,
 						455,
 						584,
 						718,
 						858,
 						1024,
 						1219,
 						1397,
 						1603,
 						1839,
 						2064,
 						2269,
 						2505,
 						2748,
 						2960,
 						3178,
 						3402,
 						3632,
 						3854
 						] 
 				 }
 			]
 		}
 	]
 }